                  epoch,         train/box_loss,         train/cls_loss,         train/dfl_loss,   metrics/precision(B),      metrics/recall(B),       metrics/mAP50(B),    metrics/mAP50-95(B),           val/box_loss,           val/cls_loss,           val/dfl_loss,                 lr/pg0,                 lr/pg1,                 lr/pg2
                      1,                 1.0956,                 1.3647,                 1.2022,                0.65829,                0.53205,                0.61516,                0.45689,                 1.0813,                 1.1282,                 1.1243,               8.33e-06,               8.33e-06,               8.33e-06
                      2,                 1.2155,                 1.4409,                 1.2675,                0.68114,                0.53986,                0.63022,                0.46826,                 1.0766,                 1.0944,                 1.1216,             1.4316e-05,             1.4316e-05,             1.4316e-05
                      3,                 1.1883,                 1.3315,                 1.2389,                0.69383,                0.54741,                0.63751,                0.47228,                 1.0708,                 1.0745,                  1.119,             1.6531e-05,             1.6531e-05,             1.6531e-05
                      4,                 1.1513,                 1.3216,                 1.2445,                 0.6927,                0.54978,                0.64746,                0.47766,                 1.0662,                 1.0617,                 1.1167,             1.4977e-05,             1.4977e-05,             1.4977e-05
                      5,                 1.2319,                 1.3746,                 1.2447,                0.68359,                0.57296,                0.65879,                0.48717,                 1.0603,                 1.0484,                 1.1119,             9.6533e-06,             9.6533e-06,             9.6533e-06
